{
	"id": "b6f69383-25fb-40b5-9478-c5d0ee184d70",
	"name": "local",
	"values": [
		{
			"key": "assetItemId",
			"value": "1",
			"enabled": true
		},
		{
			"key": "urlArion",
			"value": "http://localhost:8080"
		},
		{
			"key": "api",
			"value": "api"
		},
		{
			"key": "actors",
			"value": "actors"
		},
		{
			"key": "assets",
			"value": "assets"
		},
		{
			"key": "steps",
			"value": "steps"
		},
		{
			"key": "asset-items",
			"value": "asset-items"
		}
	],
	"_postman_variable_scope": "environment",
	"_postman_exported_at": "2021-04-13T00:44:08.189Z",
	"_postman_exported_using": "Postman/7.36.5"
}